{
  "elapsed_s": 1.03,
  "payload": {
    "baseline": 82.15639581010328,
    "finite_max": 125859.8984375,
    "finite_min": -0.5964694023132324,
    "image": [
      [
        8.347729206085205,
        28.936038970947266,
        15.630671501159668,
        5.15137243270874,
        3.090902090072632,
        0.38456183671951294,
        2.406359910964966,
        1.0939140319824219,
        2.9106979370117188,
        6.314631938934326,
        5.6919450759887695,
        5.1629862785339355,
        2.275557518005371,
        1.2536633014678955,
        1.4459514617919922,
        2.340829610824585,
        5.853914737701416,
        8.347729206085205
      ],
      [
        2.2865922451019287,
        4.146559238433838,
        2.694117546081543,
        6.5712409019470215,
        3.915123224258423,
        4.6151909828186035,
        5.894913673400879,
        4.849679946899414,
        4.507598876953125,
        13.003701210021973,
        7.931013584136963,
        5.320549488067627,
        4.594398498535156,
        3.5601015090942383,
        4.627277374267578,
        7.485690593719482,
        5.091236114501953,
        2.128906011581421
      ],
      [
        0.3843270242214203,
        2.3995563983917236,
        2.588883638381958,
        3.47770357131958,
        6.763752460479736,
        6.430333614349365,
        6.013436317443848,
        6.1087799072265625,
        9.734150886535645,
        19.435211181640625,
        16.795434951782227,
        12.117097854614258,
        10.159357070922852,
        7.142707824707031,
        10.84094524383545,
        6.816634654998779,
        2.163503646850586,
        2.440136194229126
      ],
      [
        0.9479109644889832,
        1.7204620838165283,
        2.285305976867676,
        3.7571895122528076,
        6.239896297454834,
        9.15325927734375,
        11.707411766052246,
        11.341117858886719,
        20.359407424926758,
        40.826934814453125,
        39.867156982421875,
        26.054466247558594,
        17.21109962463379,
        15.907270431518555,
        11.980257034301758,
        6.071476459503174,
        3.5192174911499023,
        4.436764240264893
      ],
      [
        2.199474811553955,
        1.7122591733932495,
        4.676198959350586,
        3.8325424194335938,
        6.25275182723999,
        11.609862327575684,
        23.916471481323242,
        39.524017333984375,
        68.93756103515625,
        141.91656494140625,
        219.47776794433594,
        107.47004699707031,
        45.701988220214844,
        29.372079849243164,
        15.012310981750488,
        8.759142875671387,
        7.286563873291016,
        4.391625881195068
      ],
      [
        2.4716053009033203,
        0.4288738965988159,
        3.110295057296753,
        4.6506805419921875,
        3.234126567840576,
        7.942389965057373,
        28.83319854736328,
        115.14851379394531,
        492.8829345703125,
        1359.766845703125,
        2212.754150390625,
        513.15087890625,
        235.8397216796875,
        61.27140808105469,
        18.7412052154541,
        10.883077621459961,
        8.276459693908691,
        5.110840320587158
      ],
      [
        2.3814659118652344,
        3.3557939529418945,
        2.963245153427124,
        4.40627908706665,
        8.772430419921875,
        16.20688247680664,
        51.15247344970703,
        260.7052307128906,
        2967.8955078125,
        12415.1103515625,
        8924.373046875,
        4193.57666015625,
        827.7090454101562,
        122.6116714477539,
        27.88430404663086,
        7.9903564453125,
        6.774037837982178,
        5.192201614379883
      ],
      [
        1.9949872493743896,
        4.4777445793151855,
        5.4100494384765625,
        6.132565975189209,
        11.873135566711426,
        26.688310623168945,
        94.79352569580078,
        1045.2919921875,
        13339.6689453125,
        125859.8984375,
        50035.2109375,
        6837.587890625,
        1018.9816284179688,
        89.7552261352539,
        26.950252532958984,
        9.671244621276855,
        4.998655796051025,
        11.582366943359375
      ],
      [
        3.928462266921997,
        6.179818153381348,
        10.619619369506836,
        12.04630184173584,
        22.9158935546875,
        51.38150405883789,
        134.98899841308594,
        913.15283203125,
        9734.2431640625,
        71603.421875,
        23206.638671875,
        2240.268310546875,
        367.8046569824219,
        82.76786041259766,
        29.24867820739746,
        19.708826065063477,
        11.988404273986816,
        17.419111251831055
      ],
      [
        1.0571508407592773,
        4.407010555267334,
        3.5574707984924316,
        7.22959566116333,
        16.82198715209961,
        24.72028350830078,
        47.42578125,
        156.81878662109375,
        326.0893249511719,
        745.0958251953125,
        382.8061218261719,
        177.28614807128906,
        65.9062271118164,
        26.319625854492188,
        17.4620418548584,
        8.418998718261719,
        10.859089851379395,
        11.685959815979004
      ],
      [
        -0.5964694023132324,
        4.174947261810303,
        5.906338214874268,
        11.492918014526367,
        12.957374572753906,
        13.476225852966309,
        40.470821380615234,
        43.356666564941406,
        54.66572952270508,
        127.79373168945312,
        71.27268981933594,
        36.844886779785156,
        42.89161682128906,
        28.609642028808594,
        24.611927032470703,
        17.857913970947266,
        13.678820610046387,
        17.79792022705078
      ],
      [
        1.3355201482772827,
        4.384438514709473,
        4.121084213256836,
        6.360465049743652,
        6.234127521514893,
        18.179872512817383,
        17.02747917175293,
        12.915069580078125,
        21.295774459838867,
        51.31352233886719,
        28.257028579711914,
        16.928586959838867,
        18.70699691772461,
        73.64192962646484,
        214.4521484375,
        56.483123779296875,
        22.902034759521484,
        24.191272735595703
      ],
      [
        2.6983039379119873,
        4.226974010467529,
        2.4237852096557617,
        3.091141939163208,
        10.136113166809082,
        7.403289318084717,
        6.934061527252197,
        8.628458023071289,
        9.064712524414062,
        27.119056701660156,
        16.57500648498535,
        12.039098739624023,
        20.72770881652832,
        217.05795288085938,
        932.8732299804688,
        114.24380493164062,
        21.02716064453125,
        -0.19014957547187805
      ],
      [
        6.830180644989014,
        4.208927631378174,
        3.761834144592285,
        6.2274041175842285,
        7.303404331207275,
        4.600154876708984,
        1.8550999164581299,
        3.0436928272247314,
        4.316046714782715,
        18.592348098754883,
        12.05384349822998,
        4.996031761169434,
        8.796160697937012,
        34.097354888916016,
        73.76136779785156,
        21.67329216003418,
        6.2776618003845215,
        2.4647324085235596
      ],
      [
        7.828949928283691,
        3.814918279647827,
        5.989316463470459,
        4.676509380340576,
        3.99763560295105,
        5.017863750457764,
        5.819048881530762,
        5.19644021987915,
        5.079139709472656,
        12.746977806091309,
        8.577683448791504,
        6.040966987609863,
        2.2913413047790527,
        1.906225562095642,
        4.3298420906066895,
        4.994434833526611,
        6.0132598876953125,
        8.347729206085205
      ],
      [
        8.347729206085205,
        7.1612443923950195,
        2.9963746070861816,
        3.7258012294769287,
        3.9383952617645264,
        2.7004501819610596,
        1.708359718322754,
        2.6523027420043945,
