{
  "elapsed_s": 1.382,
  "payload": {
    "baseline": 9.706248765658529,
    "finite_max": 153450.796875,
    "finite_min": 0.7776727080345154,
    "image": [
      [
        96.8718032836914,
        46.718841552734375,
        45.333778381347656,
        42.096954345703125,
        55.161136627197266,
        95.80558013916016,
        93.47425079345703,
        75.70230865478516,
        57.28581237792969,
        20.343189239501953,
        15.651095390319824,
        9.804264068603516
      ],
      [
        33.833831787109375,
        19.816801071166992,
        31.359622955322266,
        123.2059326171875,
        183.21096801757812,
        435.14239501953125,
        699.9993286132812,
        885.391845703125,
        336.22442626953125,
        73.13978576660156,
        17.005817413330078,
        11.128188133239746
      ],
      [
        15.965278625488281,
        10.58859634399414,
        23.81955337524414,
        191.6752166748047,
        466.2211608886719,
        3448.479736328125,
        6372.37744140625,
        6547.5390625,
        1621.7774658203125,
        91.02549743652344,
        34.11962890625,
        9.970815658569336
      ],
      [
        14.294777870178223,
        9.49110221862793,
        17.543981552124023,
        63.6177864074707,
        310.96343994140625,
        8889.359375,
        23235.572265625,
        22584.50390625,
        1673.15576171875,
        135.50352478027344,
        56.767738342285156,
        29.227401733398438
      ],
      [
        15.924201011657715,
        18.615882873535156,
        37.943206787109375,
        103.39315795898438,
        487.7818603515625,
        12318.9599609375,
        153450.796875,
        102366.859375,
        5312.8369140625,
        534.20458984375,
        118.60294342041016,
        41.86280059814453
      ],
      [
        11.874141693115234,
        16.68551254272461,
        33.19835662841797,
        84.51615905761719,
        270.175048828125,
        3674.12060546875,
        85906.3828125,
        50028.40625,
        1770.399658203125,
        232.22152709960938,
        89.64994812011719,
        32.372711181640625
      ],
      [
        2.0624754428863525,
        4.084939002990723,
        10.732416152954102,
        46.220420837402344,
        167.67930603027344,
        1223.1785888671875,
        18580.5703125,
        16224.1953125,
        1147.1864013671875,
        157.3670196533203,
        31.044666290283203,
        8.079066276550293
      ],
      [
        0.7776727080345154,
        4.427915096282959,
        23.194915771484375,
        58.67781448364258,
        80.74638366699219,
        566.1038818359375,
        6020.14404296875,
        6052.51708984375,
        844.433837890625,
        105.16552734375,
        38.03699493408203,
        2.0432627201080322
      ],
      [
        1.4467995166778564,
        8.303174018859863,
        20.432188034057617,
        18.41936683654785,
        29.53317642211914,
        261.31280517578125,
        1671.1715087890625,
        1749.1417236328125,
        518.306396484375,
        43.41273498535156,
        21.221637725830078,
        12.257052421569824
      ],
      [
        2.5998036861419678,
        8.690264701843262,
        9.198127746582031,
        12.329843521118164,
        18.824871063232422,
        71.94207763671875,
        369.299072265625,
        412.3489685058594,
        143.54379272460938,
        19.620622634887695,
        10.125643730163574,
        11.441216468811035
      ]
    ],
    "shape": [
      10,
      12
    ]
  },
  "status": 200,
  "step": "tpf_preview"
}
