{
  "elapsed_s": 0.384,
  "payload": {
    "baseline": 21.7292663102005,
    "finite_max": 1356.3651123046875,
    "finite_min": -0.7008342742919922,
    "image": [
      [
        38.24652862548828,
        16.75992488861084,
        5.838309288024902,
        15.377182006835938,
        79.24581909179688,
        41.69901657104492,
        21.39962673187256,
        10.32933759689331,
        7.181978702545166,
        1.6999065279960632,
        8.651436805725098
      ],
      [
        42.48829460144043,
        15.136661052703857,
        5.021474123001099,
        7.141327142715454,
        19.309889793395996,
        15.13629674911499,
        5.546050310134888,
        2.585594415664673,
        1.5887005925178528,
        4.8477394580841064,
        3.3797227144241333
      ],
      [
        142.4975814819336,
        36.18298149108887,
        16.520930290222168,
        18.01325511932373,
        33.568355560302734,
        30.29298210144043,
        15.124818325042725,
        6.765802621841431,
        3.4447611570358276,
        5.331943511962891,
        3.442054033279419
      ],
      [
        69.53267288208008,
        33.035884857177734,
        25.969087600708008,
        61.84585189819336,
        191.25193786621094,
        168.0613250732422,
        56.93729782104492,
        14.765109539031982,
        5.850582122802734,
        0.33721546828746796,
        1.1895430088043213
      ],
      [
        33.47315216064453,
        34.25142860412598,
        29.199119567871094,
        146.61113739013672,
        1356.3651123046875,
        1347.1288452148438,
        133.94166564941406,
        26.53135108947754,
        6.952607154846191,
        3.2592034339904785,
        5.626438617706299
      ],
      [
        22.262287139892578,
        28.73140525817871,
        38.7669563293457,
        107.06553649902344,
        1003.9421997070312,
        1187.72607421875,
        111.42736434936523,
        20.396787643432617,
        12.918354511260986,
        13.752945899963379,
        9.18086051940918
      ],
      [
        18.7217960357666,
        69.83271789550781,
        88.4596061706543,
        35.46665000915527,
        57.93403244018555,
        58.47069549560547,
        25.6192626953125,
        13.322043895721436,
        29.87493133544922,
        46.318641662597656,
        12.86899471282959
      ],
      [
        9.083064556121826,
        12.018330574035645,
        11.150357246398926,
        8.751476764678955,
        11.148864269256592,
        9.366609573364258,
        9.159375667572021,
        16.278326988220215,
        28.124496459960938,
        11.113461971282959,
        7.371830224990845
      ],
      [
        12.154909610748291,
        4.08792519569397,
        1.8415820598602295,
        0.6285374164581299,
        1.881304919719696,
        1.7345246076583862,
        3.051023483276367,
        4.277916431427002,
        11.811868667602539,
        7.846153736114502,
        2.187960386276245
      ],
      [
        12.143187522888184,
        4.823974847793579,
        3.4075180292129517,
        0.34266822040081024,
        2.1019082069396973,
        0.8940807580947876,
        1.2962195873260498,
        0.7540026903152466,
        2.7170276641845703,
        0.01582392957061529,
        -0.7008342742919922
      ],
      [
        12.307523250579834,
        5.693441390991211,
        4.644450902938843,
        2.342445731163025,
        5.656719207763672,
        4.4818408489227295,
        0.9518963396549225,
        1.2250789999961853,
        2.2265021800994873,
        2.8017122745513916,
        -0.1581488698720932
      ]
    ],
    "shape": [
      11,
      11
    ]
  },
  "status": 200,
  "step": "tpf_preview"
}
