{
  "elapsed_s": 0.378,
  "payload": {
    "baseline": 24.583803635368213,
    "finite_max": 5385.787841796875,
    "finite_min": -1.615780770778656,
    "image": [
      [
        18.529998779296875,
        4.841796159744263,
        2.3825631141662598,
        1.1844820976257324,
        -1.615780770778656,
        0.6026053726673126,
        28.441974639892578,
        41.43730354309082,
        15.806584358215332,
        7.5211286544799805,
        6.0848283767700195
      ],
      [
        5.877993822097778,
        4.553954362869263,
        5.240339994430542,
        6.215524435043335,
        0.17384127527475357,
        -1.3874859809875488,
        4.019047975540161,
        13.627441883087158,
        12.438307285308838,
        4.858420372009277,
        3.8273714780807495
      ],
      [
        10.624561786651611,
        12.205022811889648,
        10.941431999206543,
        10.165626525878906,
        6.4059977531433105,
        4.194415330886841,
        5.913957357406616,
        10.515936851501465,
        16.054997444152832,
        14.529164791107178,
        11.887193202972412
      ],
      [
        48.02137756347656,
        50.58316612243652,
        62.97246742248535,
        45.90310478210449,
        34.73684883117676,
        24.06839656829834,
        25.158571243286133,
        37.700313568115234,
        93.58143997192383,
        117.29629135131836,
        33.13461685180664
      ],
      [
        235.38146209716797,
        78.75029754638672,
        122.54580307006836,
        338.3083801269531,
        627.2706604003906,
        781.2047729492188,
        382.39146423339844,
        162.18893432617188,
        138.76313018798828,
        132.7116241455078,
        31.11251926422119
      ],
      [
        237.30350494384766,
        44.76333427429199,
        44.07840919494629,
        511.67063903808594,
        3880.881591796875,
        5385.787841796875,
        1265.2091064453125,
        309.9612579345703,
        42.29643440246582,
        34.752986907958984,
        10.876503467559814
      ],
      [
        127.02286148071289,
        31.918320655822754,
        20.500608444213867,
        99.2262077331543,
        3302.984130859375,
        4088.073974609375,
        836.2343139648438,
        111.54072189331055,
        17.83919906616211,
        11.10923147201538,
        4.92187762260437
      ],
      [
        51.76809883117676,
        19.6153621673584,
        22.61921501159668,
        42.81635284423828,
        223.74876403808594,
        670.6935729980469,
        187.04322052001953,
        40.40850639343262,
        15.312146663665771,
        6.438349962234497,
        2.8695895671844482
      ],
      [
        15.589086055755615,
        6.357147693634033,
        11.350086688995361,
        27.040553092956543,
        40.71149826049805,
        63.47880935668945,
        33.983930587768555,
        20.215392112731934,
        13.59839153289795,
        4.854156970977783,
        1.710905134677887
      ],
      [
        5.8537304401397705,
        0.4073723405599594,
        4.978605508804321,
        18.71721839904785,
        24.402140617370605,
        34.25106620788574,
        23.959128379821777,
        25.105690002441406,
        20.962275505065918,
        7.688295125961304,
        4.729453086853027
      ],
      [
        3.6952258348464966,
        0.5962511599063873,
        3.7036489248275757,
        12.678205966949463,
        47.08242416381836,
        92.2600326538086,
        35.59647178649902,
        25.6753568649292,
        29.770058631896973,
        40.8403205871582,
        27.275239944458008
      ]
    ],
    "shape": [
      11,
      11
    ]
  },
  "status": 200,
  "step": "tpf_preview"
}
