{
  "elapsed_s": 1.393,
  "payload": {
    "baseline": 21.728826446865014,
    "finite_max": 2004.850341796875,
    "finite_min": -0.1369379609823227,
    "image": [
      [
        68.16497039794922,
        28.01654815673828,
        18.880126953125,
        37.85457229614258,
        32.0193977355957,
        11.695300102233887,
        3.845277786254883,
        5.516591548919678,
        11.22752571105957,
        9.750417709350586,
        5.810733318328857
      ],
      [
        54.11082458496094,
        43.185302734375,
        41.60478591918945,
        27.537052154541016,
        17.523630142211914,
        8.680922508239746,
        5.4139485359191895,
        7.920743942260742,
        11.508389472961426,
        5.602328777313232,
        5.44761848449707
      ],
      [
        13.824628829956055,
        27.2735595703125,
        28.85327911376953,
        19.462512969970703,
        20.83321762084961,
        21.690263748168945,
        22.11380386352539,
        16.750864028930664,
        10.907408714294434,
        4.927661895751953,
        4.45758581161499
      ],
      [
        5.509599208831787,
        7.736353397369385,
        13.285480499267578,
        41.42875289916992,
        134.69125366210938,
        232.3419952392578,
        140.2860870361328,
        69.05372619628906,
        18.95759391784668,
        7.300571918487549,
        2.8449206352233887
      ],
      [
        2.245277166366577,
        3.655818223953247,
        18.151643753051758,
        103.48985290527344,
        560.20068359375,
        2004.850341796875,
        829.6865844726562,
        145.07305908203125,
        30.323017120361328,
        9.039077758789062,
        3.657423734664917
      ],
      [
        1.3755830526351929,
        2.617905378341675,
        16.604049682617188,
        118.29885864257812,
        593.8720703125,
        1755.9100341796875,
        949.6043701171875,
        194.02471923828125,
        37.641902923583984,
        11.647327423095703,
        4.090092658996582
      ],
      [
        1.3527089357376099,
        2.075688600540161,
        9.560798645019531,
        39.858673095703125,
        175.94680786132812,
        346.8790588378906,
        304.01055908203125,
        121.17727661132812,
        38.03329086303711,
        12.121809005737305,
        4.368494987487793
      ],
      [
        0.48942112922668457,
        3.046069383621216,
        9.011764526367188,
        16.613004684448242,
        44.81581115722656,
        99.6103515625,
        91.78055572509766,
        35.4766731262207,
        19.45347023010254,
        8.764801979064941,
        5.842419624328613
      ],
      [
        -0.1369379609823227,
        3.2473771572113037,
        7.534399032592773,
        9.744214057922363,
        17.219970703125,
        28.2607479095459,
        23.877830505371094,
        14.57999038696289,
        15.06457805633545,
        16.366518020629883,
        5.081435203552246
      ],
      [
        -0.1126280128955841,
        1.3456560373306274,
        5.501526832580566,
        16.190013885498047,
        13.197118759155273,
        10.2084379196167,
        7.8605170249938965,
        7.291874885559082,
        18.60108184814453,
        28.01958465576172,
        6.619460582733154
      ],
      [
        0.012922191061079502,
        1.5559567213058472,
        6.0452561378479,
        19.568130493164062,
        14.516020774841309,
        9.387884140014648,
        4.395868301391602,
        4.957496166229248,
        10.368742942810059,
        13.732769966125488,
        11.405050277709961
      ]
    ],
    "shape": [
      11,
      11
    ]
  },
  "status": 200,
  "step": "tpf_preview"
}
